id,name,tournament,event,round,year,month,day,set,duration,win_A,win_B,lose_C,lose_D,downcourt,homography_matrix,upleft_x,upright_x,downright_x,downleft_x,upleft_y,upright_y,downright_y,downleft_y
1,ALFIAN_ARDIANTO_LIANG_WANG_DAIHATSU_Indonesia_Masters_2022_Finals,DAIHATSU Indonesia Masters 2022,Men's Doubles,Finals,2022,6,12,2,42,Fajar ALFIAN,Muhammad Rian ARDIANTO,LIANG Wei Keng,WANG Chang,0,"[[1.5373038371601317, 0.6655617139970934, -802.1168258877335], [-0.013129641182294849, 6.431804504303463, -1551.498869990092], [-1.1510544606305043e-05, 0.003675563093109781, 1.0]]",438.6,843.6,988.6,296.8,273.2,274.0,659.0,658.2
2,LIANG_WANG_SUKAMULJO_GIDEON_DAIHATSU_Indonesia_Masters_2022_Semifinals,DAIHATSU Indonesia Masters 2022,Men's Doubles,Semi-finals,2022,6,11,2,33,LIANG Wei Keng,WANG Chang,Kevin Sanjaya SUKAMULJO,Marcus Fernaldi GIDEON,0,"[[1.5573733896095519, 0.6789253402382057, -815.4992974842665], [-0.009690040188208928, 6.527490000670644, -1585.8966352778302], [-5.728654117601743e-06, 0.003734512710127637, 1.0]]",439.0,844.0,988.8,296.4,274.6,275.2,659.8,658.8
3,ZHENG_HUANG_GICQUEL_DELRUE_DAIHATSU_Indonesia_Masters_2022_Finals,DAIHATSU Indonesia Masters 2022,Mixed Doubles,Finals,2022,6,12,2,38,ZHENG Si Wei,HUANG Ya Qiong,Thom GICQUEL,Delphine DELRUE,0,"[[1.5458761268559398, 0.6720814401496495, -807.4215187598494], [-0.016242136058745013, 6.476869150834237, -1561.5701964797506], [-1.1504151676562503e-05, 0.003707587791660278, 1.0]]",438.6,843.2,988.4,296.4,273.2,274.2,659.0,657.6